City_ID,City,Country,Date,Lat,Lng,Max Temp,Humidity,Cloudiness,Wind Speed,Current Description,Rain inches last 3 hours,Snow inches last 3 hours
0,Ribeira Grande,PT,2020-04-20 01:41:36,38.52,-28.7,56.26,58,2,7.27,clear sky,0.0,0.0
1,Torbay,CA,2020-04-20 01:41:36,47.67,-52.73,36.0,100,90,26.4,moderate rain,1.27,0.0
2,Laguna,US,2020-04-20 01:41:20,38.42,-121.42,68.0,48,1,5.82,clear sky,0.0,0.0
3,Moissala,TD,2020-04-20 01:41:37,8.34,17.77,80.55,55,89,5.61,overcast clouds,0.0,0.0
4,Brownsville,US,2020-04-20 01:41:37,25.9,-97.5,86.0,70,1,8.05,clear sky,0.0,0.0
5,Deputatskiy,RU,2020-04-20 01:41:38,69.3,139.9,9.95,87,26,6.2,scattered clouds,0.0,0.0
6,Kasongo,CD,2020-04-20 01:41:38,-4.45,26.67,67.59,83,88,1.9,light rain,1.23,0.0
7,Caravelas,BR,2020-04-20 01:41:38,-17.71,-39.25,74.89,78,15,13.18,few clouds,0.0,0.0
8,Fukue,JP,2020-04-20 01:41:38,32.69,128.84,60.8,72,75,11.41,broken clouds,0.0,0.0
9,Teya,RU,2020-04-20 01:41:39,60.38,92.63,38.68,63,97,7.85,overcast clouds,0.0,0.0
10,Mount Gambier,AU,2020-04-20 01:41:39,-37.83,140.77,62.6,59,40,20.8,scattered clouds,0.0,0.0
11,Greensburg,US,2020-04-20 01:41:02,40.3,-79.54,51.8,53,40,6.93,scattered clouds,0.0,0.0
12,Rikitea,PF,2020-04-20 01:41:39,-23.12,-134.97,76.84,71,93,6.76,overcast clouds,0.0,0.0
13,Tasiilaq,GL,2020-04-20 01:35:30,65.61,-37.64,32.0,90,100,3.36,overcast clouds,0.0,0.0
14,Bowen,AU,2020-04-20 01:41:40,-20.02,148.23,86.0,66,73,5.82,broken clouds,0.0,0.0
15,Ayan,RU,2020-04-20 01:41:40,56.45,138.17,23.54,92,100,16.53,light snow,0.0,0.5
16,Tuktoyaktuk,CA,2020-04-20 01:37:19,69.45,-133.04,10.4,85,90,9.17,light snow,0.0,0.0
17,Victoria,HK,2020-04-20 01:38:10,22.29,114.16,82.0,85,22,5.01,few clouds,0.0,0.0
18,Khatanga,RU,2020-04-20 01:41:41,71.97,102.5,31.03,95,61,5.66,broken clouds,0.0,0.0
19,Prabumulih,ID,2020-04-20 01:41:42,-3.45,104.25,89.1,64,65,1.63,broken clouds,0.0,0.0
20,La Romana,DO,2020-04-20 01:41:42,18.43,-68.97,74.3,87,0,7.76,clear sky,0.0,0.0
21,Talavera,PH,2020-04-20 01:38:41,15.62,120.93,86.0,70,40,2.24,scattered clouds,0.0,0.0
22,La Ronge,CA,2020-04-20 01:38:20,55.1,-105.28,37.4,44,75,14.99,broken clouds,0.0,0.0
23,Narsaq,GL,2020-04-20 01:41:42,60.92,-46.05,24.8,41,1,6.93,clear sky,0.0,0.0
24,Thompson,CA,2020-04-20 01:41:43,55.74,-97.86,21.2,85,75,10.29,light snow,0.0,0.0
25,Kruisfontein,ZA,2020-04-20 01:41:43,-34.0,24.73,60.62,74,0,5.37,clear sky,0.0,0.0
26,Ahipara,NZ,2020-04-20 01:41:43,-35.17,173.17,64.58,90,100,5.86,moderate rain,4.35,0.0
27,Esperance,AU,2020-04-20 01:41:44,-33.87,121.9,60.8,67,0,12.75,clear sky,0.0,0.0
28,Tiarei,PF,2020-04-20 01:41:44,-17.53,-149.33,91.4,59,43,8.05,light rain,1.35,0.0
29,Saskylakh,RU,2020-04-20 01:41:44,71.92,114.08,22.86,95,17,2.73,few clouds,0.0,0.0
30,Pacific Grove,US,2020-04-20 01:41:44,36.62,-121.92,57.99,61,54,3.0,broken clouds,0.0,0.0
31,Puerto Cabello,VE,2020-04-20 01:41:45,10.47,-68.01,78.57,78,3,3.33,clear sky,0.0,0.0
32,Nishihara,JP,2020-04-20 01:41:45,26.18,127.76,66.2,93,90,6.93,shower rain,2.54,0.0
33,Mezhdurechensk,RU,2020-04-20 01:41:45,53.69,88.06,55.09,42,55,2.24,broken clouds,0.0,0.0
34,Hermanus,ZA,2020-04-20 01:41:46,-34.42,19.23,61.0,95,9,12.01,clear sky,0.0,0.0
35,Provideniya,RU,2020-04-20 01:41:46,64.38,-173.3,22.59,95,100,13.62,light snow,0.0,0.36
36,Ushuaia,AR,2020-04-20 01:40:41,-54.8,-68.3,41.0,80,40,27.51,scattered clouds,0.0,0.0
37,Georgetown,MY,2020-04-20 01:41:46,5.41,100.34,87.8,83,20,2.91,few clouds,0.0,0.0
38,Bluff,NZ,2020-04-20 01:41:46,-46.6,168.33,57.99,60,70,7.0,light rain,0.23,0.0
39,Kapaa,US,2020-04-20 01:38:59,22.08,-159.32,80.6,69,1,10.29,clear sky,0.0,0.0
40,Mahebourg,MU,2020-04-20 01:41:47,-20.41,57.7,77.0,83,75,12.75,broken clouds,0.0,0.0
41,Kailua,US,2020-04-20 01:41:47,21.4,-157.74,84.2,51,40,10.29,scattered clouds,0.0,0.0
42,Saint George,US,2020-04-20 01:41:48,37.1,-113.58,73.4,25,40,11.41,scattered clouds,0.0,0.0
43,Jamestown,US,2020-04-20 01:41:48,42.1,-79.24,42.01,93,90,10.29,overcast clouds,0.0,0.0
44,Hobart,AU,2020-04-20 01:36:30,-42.88,147.33,62.01,71,75,11.41,light intensity shower rain,0.0,0.0
45,Aleksandrov Gay,RU,2020-04-20 01:41:49,50.15,48.57,44.96,62,78,2.71,broken clouds,0.0,0.0
46,Albany,US,2020-04-20 01:40:08,42.6,-73.97,51.01,60,94,7.0,light rain,1.98,0.0
47,Dunedin,NZ,2020-04-20 01:37:59,-45.87,170.5,61.0,35,82,5.01,broken clouds,0.0,0.0
48,Fortuna,US,2020-04-20 01:41:49,40.6,-124.16,53.01,81,90,8.05,overcast clouds,0.0,0.0
49,Poum,NC,2020-04-20 01:41:50,-20.23,164.02,80.6,76,100,8.79,light rain,0.89,0.0
50,Punta Arenas,CL,2020-04-20 01:41:50,-53.15,-70.92,41.0,65,40,14.99,scattered clouds,0.0,0.0
51,Turukhansk,RU,2020-04-20 01:41:50,65.82,87.98,40.28,66,100,20.89,overcast clouds,0.0,0.0
52,Bredasdorp,ZA,2020-04-20 01:41:50,-34.53,20.04,52.0,93,0,8.05,clear sky,0.0,0.0
53,New Norfolk,AU,2020-04-20 01:41:50,-42.78,147.06,62.01,87,98,9.69,light rain,0.25,0.0
54,Gabrovo,BG,2020-04-20 01:41:51,42.87,25.33,57.0,83,100,3.33,light rain,0.34,0.0
55,Cidreira,BR,2020-04-20 01:41:51,-30.18,-50.21,66.7,86,0,15.21,clear sky,0.0,0.0
56,Almeirim,BR,2020-04-20 01:41:51,-1.52,-52.58,73.69,97,100,2.84,light rain,0.41,0.0
57,Cape Town,ZA,2020-04-20 01:40:14,-33.93,18.42,62.01,82,75,18.34,broken clouds,0.0,0.0
58,Ternate,ID,2020-04-20 01:39:46,0.8,127.4,86.85,63,40,4.81,scattered clouds,0.0,0.0
59,Port Alfred,ZA,2020-04-20 01:41:53,-33.59,26.89,69.01,69,0,4.0,clear sky,0.0,0.0
60,Mataura,NZ,2020-04-20 01:37:25,-46.19,168.86,57.99,60,90,5.01,overcast clouds,0.0,0.0
61,Codajas,BR,2020-04-20 01:41:02,-3.84,-62.06,74.41,94,100,1.99,overcast clouds,0.0,0.0
62,Tigzirt,DZ,2020-04-20 01:41:54,36.89,4.12,61.72,89,100,19.82,moderate rain,9.36,0.0
63,Norman Wells,CA,2020-04-20 01:40:14,65.28,-126.83,30.2,58,75,3.15,broken clouds,0.0,0.0
64,Hasaki,JP,2020-04-20 01:37:57,35.73,140.83,51.01,93,75,9.17,light intensity shower rain,0.0,0.0
65,Prado,BR,2020-04-20 01:39:52,-17.34,-39.22,73.89,81,21,12.71,few clouds,0.0,0.0
66,Arraial Do Cabo,BR,2020-04-20 01:41:54,-22.97,-42.03,72.48,73,75,2.57,broken clouds,0.0,0.0
67,Iqaluit,CA,2020-04-20 01:41:55,63.75,-68.51,-4.0,76,20,4.7,few clouds,0.0,0.0
68,Bengkulu,ID,2020-04-20 01:41:55,-3.8,102.27,86.95,62,60,2.71,broken clouds,0.0,0.0
69,Sambava,MG,2020-04-20 01:41:55,-14.27,50.17,73.31,87,100,5.82,light rain,0.6,0.0
70,Poronaysk,RU,2020-04-20 01:41:55,49.22,143.12,41.16,68,100,13.82,overcast clouds,0.0,0.0
71,Longyearbyen,SJ,2020-04-20 01:41:56,78.22,15.64,30.2,86,90,33.33,heavy snow,0.0,0.0
72,Vila Franca Do Campo,PT,2020-04-20 01:37:54,37.72,-25.43,55.4,71,20,6.93,few clouds,0.0,0.0
73,Acapulco,MX,2020-04-20 01:40:20,16.86,-99.89,78.8,88,5,5.82,clear sky,0.0,0.0
74,Ponta Do Sol,PT,2020-04-20 01:41:56,32.67,-17.1,60.01,69,9,3.0,clear sky,0.0,0.0
75,Severo-Kurilsk,RU,2020-04-20 01:41:57,50.68,156.12,31.71,92,52,9.17,broken clouds,0.0,0.0
76,Airai,TL,2020-04-20 01:41:57,-8.93,125.41,72.95,43,32,3.47,scattered clouds,0.0,0.0
77,Xinxiang,CN,2020-04-20 01:41:57,35.31,113.87,67.84,22,25,7.29,scattered clouds,0.0,0.0
78,Klaksvik,FO,2020-04-20 01:41:57,62.23,-6.59,44.6,87,1,17.22,clear sky,0.0,0.0
79,Vaini,TO,2020-04-20 01:41:58,-21.2,-175.2,84.2,74,20,11.41,few clouds,0.0,0.0
80,Taltal,CL,2020-04-20 01:41:58,-25.4,-70.48,59.65,74,0,1.23,clear sky,0.0,0.0
81,Anloga,GH,2020-04-20 01:41:58,5.79,0.9,82.89,78,73,10.96,broken clouds,0.0,0.0
82,Vanavara,RU,2020-04-20 01:37:26,60.34,102.28,34.86,70,0,1.52,clear sky,0.0,0.0
83,Micheweni,TZ,2020-04-20 01:41:59,-4.97,39.83,80.53,78,100,15.43,light rain,1.87,0.0
84,Leningradskiy,RU,2020-04-20 01:41:59,69.38,178.42,14.41,93,95,10.16,overcast clouds,0.0,0.0
85,Nanortalik,GL,2020-04-20 01:41:59,60.14,-45.24,27.81,86,17,6.93,few clouds,0.0,0.0
86,Busselton,AU,2020-04-20 01:42:00,-33.65,115.33,69.01,42,95,22.88,light rain,0.13,0.0
87,Llano Largo,PA,2020-04-20 01:42:00,7.9,-80.43,80.15,70,52,9.33,broken clouds,0.0,0.0
88,Atuona,PF,2020-04-20 01:42:00,-9.8,-139.03,82.72,75,45,12.82,scattered clouds,0.0,0.0
89,Tuatapere,NZ,2020-04-20 01:42:00,-46.13,167.68,57.99,60,16,7.0,few clouds,0.0,0.0
90,Borogontsy,RU,2020-04-20 01:42:01,62.67,131.17,24.85,80,1,3.06,clear sky,0.0,0.0
91,Kautokeino,NO,2020-04-20 01:42:01,69.01,23.04,35.26,83,100,8.7,light rain,0.51,0.0
92,Naze,JP,2020-04-20 01:42:01,28.37,129.48,71.6,68,20,14.99,few clouds,0.0,0.0
93,Manbij,SY,2020-04-20 01:42:01,36.53,37.95,48.2,87,75,1.97,broken clouds,0.0,0.0
94,Phan Thiet,VN,2020-04-20 01:42:02,10.93,108.1,89.42,49,0,7.72,clear sky,0.0,0.0
95,Geraldton,AU,2020-04-20 01:42:02,-28.77,114.6,69.01,63,0,12.75,clear sky,0.0,0.0
96,Aksarka,RU,2020-04-20 01:42:02,66.56,67.8,33.98,97,100,7.76,overcast clouds,0.0,0.0
97,Dikson,RU,2020-04-20 01:42:02,73.51,80.55,33.6,94,86,17.05,overcast clouds,0.0,0.0
98,Yorito,HN,2020-04-20 01:42:03,15.07,-87.28,72.45,46,42,1.74,scattered clouds,0.0,0.0
99,Half Moon Bay,US,2020-04-20 01:39:31,37.46,-122.43,62.6,67,1,6.93,clear sky,0.0,0.0
100,Presidencia Roque Saenz Pena,AR,2020-04-20 01:42:03,-26.79,-60.44,63.95,61,0,4.03,clear sky,0.0,0.0
101,Marsh Harbour,BS,2020-04-20 01:42:03,26.54,-77.06,79.48,81,63,13.71,broken clouds,0.0,0.0
102,Bestobe,KZ,2020-04-20 01:42:04,52.5,73.1,62.65,41,76,0.78,broken clouds,0.0,0.0
103,Yako,BF,2020-04-20 01:42:04,12.97,-2.27,85.59,41,97,11.5,light rain,0.18,0.0
104,Novo Aripuana,BR,2020-04-20 01:42:04,-5.12,-60.38,74.32,96,99,2.75,overcast clouds,0.0,0.0
105,Nakama,JP,2020-04-20 01:42:04,33.82,130.7,60.8,72,75,17.22,broken clouds,0.0,0.0
106,Volksrust,ZA,2020-04-20 01:42:04,-27.37,29.88,47.44,52,0,0.76,clear sky,0.0,0.0
107,Praia,CV,2020-04-20 01:38:08,14.92,-23.51,69.8,68,40,18.34,scattered clouds,0.0,0.0
108,Kaitangata,NZ,2020-04-20 01:38:46,-46.28,169.85,60.01,42,79,11.99,broken clouds,0.0,0.0
109,Avarua,CK,2020-04-20 01:42:05,-21.21,-159.78,82.4,69,3,9.17,clear sky,0.0,0.0
110,Arman,RU,2020-04-20 01:38:15,59.7,150.17,16.16,85,0,7.25,clear sky,0.0,0.0
111,Yellowknife,CA,2020-04-20 01:42:06,62.46,-114.35,24.8,58,40,21.92,scattered clouds,0.0,0.0
112,Zyryanka,RU,2020-04-20 01:42:06,65.75,150.85,15.55,83,30,5.75,scattered clouds,0.0,0.0
113,Santo Angelo,BR,2020-04-20 01:40:55,-28.3,-54.26,69.8,52,0,6.93,clear sky,0.0,0.0
114,Cherskiy,RU,2020-04-20 01:42:06,68.75,161.3,12.81,94,100,8.32,light snow,0.0,0.13
115,Batemans Bay,AU,2020-04-20 01:42:07,-35.72,150.18,64.99,54,100,1.01,overcast clouds,0.0,0.0
116,Vidim,RU,2020-04-20 01:42:07,56.41,103.11,32.25,64,0,6.17,clear sky,0.0,0.0
117,Bone,DE,2020-04-20 01:42:07,51.97,12.14,41.0,63,0,1.01,clear sky,0.0,0.0
118,Alta Floresta,BR,2020-04-20 01:42:07,-9.88,-56.09,71.78,87,100,1.43,light rain,1.39,0.0
119,Najran,SA,2020-04-20 01:42:08,17.49,44.13,69.8,68,75,2.24,broken clouds,0.0,0.0
120,Pevek,RU,2020-04-20 01:42:08,69.7,170.31,12.63,94,100,7.56,light snow,0.0,0.2
121,Guerrero Negro,MX,2020-04-20 01:42:08,27.98,-114.06,60.48,78,99,19.82,overcast clouds,0.0,0.0
122,Axim,GH,2020-04-20 01:37:42,4.87,-2.24,81.27,82,100,6.38,light rain,0.81,0.0
123,Bandarbeyla,SO,2020-04-20 01:42:09,9.49,50.81,81.79,71,83,3.4,broken clouds,0.0,0.0
124,Pangoa,PE,2020-04-20 01:42:09,-12.12,-73.0,66.34,69,38,1.99,scattered clouds,0.0,0.0
125,Kalinovskaya,RU,2020-04-20 01:42:10,43.58,45.52,42.8,93,16,2.24,few clouds,0.0,0.0
126,Kidal,ML,2020-04-20 01:42:10,18.44,1.41,81.41,24,31,13.38,scattered clouds,0.0,0.0
127,Souillac,MU,2020-04-20 01:42:10,-20.52,57.52,77.0,83,75,12.75,broken clouds,0.0,0.0
128,Manokwari,ID,2020-04-20 01:42:10,-0.87,134.08,86.11,64,4,4.21,clear sky,0.0,0.0
129,Inuvik,CA,2020-04-20 01:42:11,68.35,-133.72,23.0,53,90,3.36,overcast clouds,0.0,0.0
130,Malmesbury,ZA,2020-04-20 01:42:11,-33.46,18.73,62.01,84,95,11.41,overcast clouds,0.0,0.0
131,Sorong,ID,2020-04-20 01:42:11,-0.88,131.25,88.63,68,10,0.51,light rain,0.94,0.0
132,Touros,BR,2020-04-20 01:42:11,-5.2,-35.46,77.0,94,40,4.7,scattered clouds,0.0,0.0
133,Ambalavao,MG,2020-04-20 01:42:12,-21.83,46.93,59.43,66,66,7.47,broken clouds,0.0,0.0
134,Kaeo,NZ,2020-04-20 01:42:12,-35.1,173.78,62.01,95,100,1.99,moderate rain,6.23,0.0
135,Vallenar,CL,2020-04-20 01:42:12,-28.57,-70.76,61.63,59,0,1.54,clear sky,0.0,0.0
136,Puerto Ayora,EC,2020-04-20 01:42:12,-0.74,-90.35,80.01,86,50,8.01,scattered clouds,0.0,0.0
137,Vila Velha,BR,2020-04-20 01:42:13,-20.33,-40.29,73.4,78,20,3.36,few clouds,0.0,0.0
138,Nemuro,JP,2020-04-20 01:42:13,43.32,145.57,41.0,75,75,11.41,mist,0.0,0.0
139,Woodstock,CA,2020-04-20 01:41:57,43.13,-80.75,35.01,49,0,1.01,clear sky,0.0,0.0
140,Pizarro,CO,2020-04-20 01:42:14,4.95,-77.37,79.38,82,97,4.18,overcast clouds,0.0,0.0
141,Mandan,US,2020-04-20 01:42:14,46.83,-100.89,53.6,31,1,12.75,clear sky,0.0,0.0
142,Faanui,PF,2020-04-20 01:42:14,-16.48,-151.75,82.24,77,81,19.19,light rain,1.2,0.0
143,San Quintin,MX,2020-04-20 01:42:14,30.48,-115.95,59.58,74,79,18.79,broken clouds,0.0,0.0
144,Lebu,CL,2020-04-20 01:42:15,-37.62,-73.65,55.58,72,100,9.01,overcast clouds,0.0,0.0
145,Praia Da Vitoria,PT,2020-04-20 01:42:15,38.73,-27.07,57.2,62,20,14.0,few clouds,0.0,0.0
146,Tyup,KG,2020-04-20 01:42:15,42.73,78.36,52.61,22,9,0.78,clear sky,0.0,0.0
147,Kahului,US,2020-04-20 01:37:18,20.89,-156.47,82.4,51,40,12.75,scattered clouds,0.0,0.0
148,Swan Hill,AU,2020-04-20 01:42:16,-35.34,143.55,73.4,43,100,15.61,overcast clouds,0.0,0.0
149,Roald,NO,2020-04-20 01:42:16,62.58,6.13,39.2,93,0,8.05,clear sky,0.0,0.0
150,Qasigiannguit,GL,2020-04-20 01:42:16,68.82,-51.19,30.2,46,94,19.46,overcast clouds,0.0,0.0
151,Qaanaaq,GL,2020-04-20 01:42:16,77.48,-69.36,9.43,82,39,11.48,scattered clouds,0.0,0.0
152,Altenholz,DE,2020-04-20 01:42:17,54.4,10.13,37.0,82,0,9.57,clear sky,0.0,0.0
153,Tortoli,IT,2020-04-20 01:42:17,39.93,9.66,59.0,100,90,11.41,fog,0.0,0.0
154,Harper,LR,2020-04-20 01:42:17,4.38,-7.72,80.53,84,100,4.99,light rain,0.58,0.0
155,Taoudenni,ML,2020-04-20 01:37:44,22.68,-3.98,75.31,24,0,5.03,clear sky,0.0,0.0
156,Srandakan,ID,2020-04-20 01:42:18,-7.94,110.25,86.34,66,82,1.23,broken clouds,0.0,0.0
157,Cockburn Town,TC,2020-04-20 01:42:18,21.46,-71.14,79.21,84,38,17.52,scattered clouds,0.0,0.0
158,Hibbing,US,2020-04-20 01:42:18,47.43,-92.94,37.4,32,1,4.7,clear sky,0.0,0.0
159,Rocky Mountain House,CA,2020-04-20 01:42:18,52.37,-114.92,40.23,61,41,4.74,scattered clouds,0.0,0.0
160,Hualmay,PE,2020-04-20 01:42:18,-11.1,-77.61,70.05,78,6,7.16,clear sky,0.0,0.0
161,Husavik,IS,2020-04-20 01:42:19,66.04,-17.34,44.6,70,20,26.4,few clouds,0.0,0.0
162,Borba,BR,2020-04-20 01:42:19,-4.39,-59.59,73.62,97,100,2.91,light rain,0.4,0.0
163,Stephenville,US,2020-04-20 01:42:19,32.22,-98.2,73.0,49,1,6.93,clear sky,0.0,0.0
164,Nan,TH,2020-04-20 01:42:19,18.83,100.67,82.4,65,0,4.34,clear sky,0.0,0.0
165,Tezpur,IN,2020-04-20 01:41:11,26.63,92.8,79.05,63,19,7.23,light rain,0.14,0.0
166,Celica,EC,2020-04-20 01:42:20,-4.12,-79.95,59.36,67,91,1.25,overcast clouds,0.0,0.0
167,Luderitz,NA,2020-04-20 01:42:20,-26.65,15.16,59.0,87,8,3.36,clear sky,0.0,0.0
168,Glogova,RO,2020-04-20 01:42:20,44.93,22.91,53.74,80,100,2.06,overcast clouds,0.0,0.0
169,Salalah,OM,2020-04-20 01:42:21,17.02,54.09,80.6,74,20,4.7,few clouds,0.0,0.0
170,Atbasar,KZ,2020-04-20 01:42:21,51.8,68.33,58.17,52,88,10.27,overcast clouds,0.0,0.0
171,Castro,BR,2020-04-20 01:42:21,-24.79,-50.01,56.52,70,49,5.79,scattered clouds,0.0,0.0
172,Tezu,IN,2020-04-20 01:42:21,27.92,96.17,70.41,64,96,2.06,light rain,1.11,0.0
173,Clyde River,CA,2020-04-20 01:42:22,70.47,-68.59,-4.0,76,1,4.7,clear sky,0.0,0.0
174,Lasa,IT,2020-04-20 01:37:54,46.62,10.7,46.4,100,75,3.36,light rain,0.0,0.0
175,Carnarvon,AU,2020-04-20 01:37:34,-24.87,113.63,75.2,69,53,18.34,broken clouds,0.0,0.0
176,Berdigestyakh,RU,2020-04-20 01:42:23,62.1,126.7,24.33,85,57,3.42,broken clouds,0.0,0.0
177,Flinders,AU,2020-04-20 01:37:49,-34.58,150.86,64.0,58,98,5.01,overcast clouds,0.0,0.0
178,Sao Filipe,CV,2020-04-20 01:37:57,14.9,-24.5,71.49,72,1,16.69,clear sky,0.0,0.0
179,Kismayo,SO,2020-04-20 01:42:23,-0.36,42.55,80.11,81,100,11.12,overcast clouds,0.0,0.0
180,Cayenne,GF,2020-04-20 01:42:24,4.93,-52.33,77.0,100,100,10.09,moderate rain,0.0,0.0
181,Mar Del Plata,AR,2020-04-20 01:42:20,-38.0,-57.56,64.0,87,98,3.36,overcast clouds,0.0,0.0
182,Katsuura,JP,2020-04-20 01:42:24,35.13,140.3,51.01,93,75,6.93,light intensity shower rain,0.0,0.0
183,Bud,US,2020-04-20 01:42:24,39.45,-86.18,51.8,66,1,3.36,clear sky,0.0,0.0
184,Ilulissat,GL,2020-04-20 01:42:24,69.22,-51.1,30.2,46,100,19.46,overcast clouds,0.0,0.0
185,Muros,ES,2020-04-20 01:42:25,42.78,-9.06,51.01,93,99,1.01,overcast clouds,0.0,0.0
186,Kupino,RU,2020-04-20 01:42:25,54.37,77.3,55.65,62,0,8.01,clear sky,0.0,0.0
187,Los Llanos De Aridane,ES,2020-04-20 01:42:25,28.66,-17.92,62.6,67,1,5.82,clear sky,0.0,0.0
188,Temirgoyevskaya,RU,2020-04-20 01:42:26,45.11,40.28,47.26,64,94,2.46,overcast clouds,0.0,0.0
189,Andenes,NO,2020-04-20 01:42:26,69.31,16.12,41.0,100,99,19.46,light rain,0.11,0.0
190,Bumba,CD,2020-04-20 01:42:26,2.18,22.47,71.02,85,99,2.42,overcast clouds,0.0,0.0
191,Butaritari,KI,2020-04-20 01:42:26,3.07,172.79,83.77,70,26,7.83,light rain,1.01,0.0
192,Banfora,BF,2020-04-20 01:42:27,10.63,-4.77,81.93,52,54,3.67,light rain,0.61,0.0
193,Ishigaki,JP,2020-04-20 01:38:42,24.34,124.16,71.6,100,75,18.34,light intensity shower rain,0.0,0.0
194,Mandalgovi,MN,2020-04-20 01:42:27,45.76,106.27,28.9,43,95,18.41,overcast clouds,0.0,0.0
195,Fare,PF,2020-04-20 01:42:27,-16.7,-151.02,83.46,75,66,21.05,light rain,0.45,0.0
196,Yaguajay,CU,2020-04-20 01:42:27,22.33,-79.24,78.08,75,20,8.99,few clouds,0.0,0.0
197,Pacifica,US,2020-04-20 01:38:02,37.61,-122.49,60.8,51,40,23.04,scattered clouds,0.0,0.0
198,Aklavik,CA,2020-04-20 01:42:28,68.22,-135.01,23.0,53,90,3.36,overcast clouds,0.0,0.0
199,Upernavik,GL,2020-04-20 01:42:28,72.79,-56.15,23.4,88,66,47.96,light snow,0.0,0.27
200,Kavieng,PG,2020-04-20 01:42:28,-2.57,150.8,84.33,73,30,5.17,light rain,0.43,0.0
201,Uyemskiy,RU,2020-04-20 01:42:29,64.47,40.85,32.0,98,90,4.47,light shower snow,0.0,0.0
202,Keti Bandar,PK,2020-04-20 01:42:29,24.14,67.45,81.63,71,10,15.99,clear sky,0.0,0.0
203,Rudbar,AF,2020-04-20 01:42:29,30.15,62.6,73.56,33,49,2.75,scattered clouds,0.0,0.0
204,Dwarka,IN,2020-04-20 01:42:29,22.24,68.97,80.58,81,15,11.56,few clouds,0.0,0.0
205,Tawau,MY,2020-04-20 01:42:30,4.25,117.89,84.2,83,20,2.24,few clouds,0.0,0.0
206,Puksoozero,RU,2020-04-20 01:42:30,62.59,40.61,30.58,96,100,4.59,light snow,0.0,0.65
207,Kieta,PG,2020-04-20 01:42:30,-6.22,155.63,83.73,74,95,3.91,light rain,1.66,0.0
208,Sayanogorsk,RU,2020-04-20 01:42:30,53.09,91.4,56.14,34,0,2.77,clear sky,0.0,0.0
209,Takoradi,GH,2020-04-20 01:42:31,4.88,-1.76,81.05,81,100,7.11,light rain,0.65,0.0
210,Varadero,CU,2020-04-20 01:42:02,23.15,-81.25,84.2,62,20,6.93,few clouds,0.0,0.0
211,Akyab,MM,2020-04-20 01:42:31,20.15,92.9,87.06,59,8,2.08,clear sky,0.0,0.0
212,Bethel,US,2020-04-20 01:37:41,41.37,-73.41,55.4,37,75,12.75,broken clouds,0.0,0.0
213,Mukdahan,TH,2020-04-20 01:42:32,16.58,104.5,87.01,74,40,2.24,mist,0.0,0.0
214,Hofn,IS,2020-04-20 01:42:32,64.25,-15.21,44.28,86,99,8.84,overcast clouds,0.0,0.0
215,Ingham,US,2020-04-20 01:42:32,42.6,-84.38,44.6,42,1,6.93,clear sky,0.0,0.0
216,Portland,US,2020-04-20 01:39:35,45.52,-122.68,63.0,45,20,8.05,few clouds,0.0,0.0
217,Camacha,PT,2020-04-20 01:42:32,33.08,-16.33,62.6,72,20,12.75,few clouds,0.0,0.0
218,Merauke,ID,2020-04-20 01:37:53,-8.47,140.33,89.24,63,22,7.27,light rain,0.16,0.0
219,Ambon,ID,2020-04-20 01:42:33,-3.7,128.18,86.0,70,40,2.24,scattered clouds,0.0,0.0
220,Zhigansk,RU,2020-04-20 01:42:33,66.77,123.37,23.38,92,98,7.74,overcast clouds,0.0,0.0
221,Saint-Augustin,CA,2020-04-20 01:42:33,51.23,-58.65,28.54,98,100,17.11,snow,0.0,3.19
222,Svetlogorsk,BY,2020-04-20 01:42:34,52.63,29.73,30.7,96,0,8.34,clear sky,0.0,0.0
223,Tautira,PF,2020-04-20 01:42:34,-17.73,-149.15,91.4,59,65,8.05,light rain,0.47,0.0
224,Romitan,UZ,2020-04-20 01:42:34,39.93,64.38,53.6,76,0,4.7,clear sky,0.0,0.0
225,Broken Hill,AU,2020-04-20 01:42:34,-31.95,141.43,71.6,28,100,13.87,overcast clouds,0.0,0.0
226,Napasar,IN,2020-04-20 01:42:34,27.97,73.55,85.8,28,77,9.89,broken clouds,0.0,0.0
227,Dalby,AU,2020-04-20 01:42:35,-27.18,151.27,71.6,30,14,10.29,few clouds,0.0,0.0
228,Wynyard,AU,2020-04-20 01:42:35,-41.0,145.72,60.01,7,44,18.99,light rain,0.25,0.0
229,Kenora,CA,2020-04-20 01:42:35,49.82,-94.43,37.4,55,90,12.75,overcast clouds,0.0,0.0
230,Mago,RU,2020-04-20 01:42:35,53.25,140.18,31.91,96,100,9.08,light snow,0.0,0.48
231,Aquiraz,BR,2020-04-20 01:42:36,-3.9,-38.39,82.99,74,20,3.36,few clouds,0.0,0.0
232,Kudahuvadhoo,MV,2020-04-20 01:42:36,2.67,72.89,85.64,71,99,7.87,overcast clouds,0.0,0.0
233,Tocopilla,CL,2020-04-20 01:42:36,-22.09,-70.2,69.75,42,1,2.8,clear sky,0.0,0.0
234,East London,ZA,2020-04-20 01:42:36,-33.02,27.91,76.21,54,0,10.85,clear sky,0.0,0.0
235,Ocean City,US,2020-04-20 01:42:37,39.28,-74.57,53.6,66,1,8.05,clear sky,0.0,0.0
236,Veraval,IN,2020-04-20 01:42:37,20.9,70.37,84.7,51,0,11.9,clear sky,0.0,0.0
237,Isangel,VU,2020-04-20 01:42:37,-19.55,169.27,79.81,82,100,14.52,light rain,2.13,0.0
238,Kedrovyy,RU,2020-04-20 01:42:37,56.17,91.82,37.4,29,57,15.66,broken clouds,0.0,0.0
239,Terrace Bay,CA,2020-04-20 01:42:37,48.78,-87.1,28.31,94,64,13.22,broken clouds,0.0,0.0
240,Santa Isabel Do Rio Negro,BR,2020-04-20 01:42:38,-0.41,-65.02,74.32,88,41,1.63,light rain,0.21,0.0
241,Dingle,PH,2020-04-20 01:37:48,11.0,122.67,89.37,60,98,13.8,light rain,0.31,0.0
242,Henties Bay,NA,2020-04-20 01:42:38,-22.12,14.28,59.0,93,30,3.0,light rain,0.98,0.0
243,Port Elizabeth,ZA,2020-04-20 01:42:38,-33.92,25.57,75.2,38,0,16.11,clear sky,0.0,0.0
244,Burns Lake,CA,2020-04-20 01:41:20,54.23,-125.75,52.45,54,0,5.37,clear sky,0.0,0.0
245,Makakilo City,US,2020-04-20 01:42:39,21.35,-158.09,80.6,69,75,6.93,broken clouds,0.0,0.0
246,Hami,CN,2020-04-20 01:38:44,42.8,93.45,65.8,14,89,10.58,overcast clouds,0.0,0.0
247,Namatanai,PG,2020-04-20 01:42:39,-3.67,152.43,84.02,73,96,5.97,overcast clouds,0.0,0.0
248,Wilmington,US,2020-04-20 01:42:34,34.23,-77.94,63.0,93,1,6.67,clear sky,0.0,0.0
249,Boende,CD,2020-04-20 01:42:40,-0.22,20.87,71.37,87,100,2.37,overcast clouds,0.0,0.0
250,Davila,PH,2020-04-20 01:42:40,18.47,120.58,84.2,83,20,6.93,few clouds,0.0,0.0
251,Kathu,TH,2020-04-20 01:42:40,7.92,98.33,84.2,79,20,8.05,few clouds,0.0,0.0
252,Ucluelet,CA,2020-04-20 01:37:48,48.93,-125.55,61.0,87,75,5.82,broken clouds,0.0,0.0
253,Pudozh,RU,2020-04-20 01:42:41,61.81,36.53,30.49,98,97,3.18,overcast clouds,0.0,0.0
254,Zharkent,KZ,2020-04-20 01:42:41,44.16,80.0,65.26,24,0,8.14,clear sky,0.0,0.0
255,Hilo,US,2020-04-20 01:38:31,19.73,-155.09,80.6,51,1,12.75,clear sky,0.0,0.0
256,Pensacola,US,2020-04-20 01:42:42,30.42,-87.22,75.99,73,40,9.17,scattered clouds,0.0,0.0
257,Kanker,IN,2020-04-20 01:42:42,20.27,81.49,93.18,25,58,4.18,broken clouds,0.0,0.0
258,Palatka,US,2020-04-20 01:42:42,29.65,-81.64,80.01,69,20,9.17,few clouds,0.0,0.0
259,Doctor Juan Leon Mallorquin,PY,2020-04-20 01:42:42,-25.4,-55.27,64.4,82,0,2.39,clear sky,0.0,0.0
260,Piacabucu,BR,2020-04-20 01:42:43,-10.41,-36.43,78.4,86,39,8.01,light rain,0.29,0.0
261,Lata,PT,2020-04-20 01:42:43,40.16,-8.33,53.01,90,100,1.92,overcast clouds,0.0,0.0
262,Tsumeb,NA,2020-04-20 01:42:43,-19.23,17.72,65.88,47,32,7.92,scattered clouds,0.0,0.0
263,Barrow,US,2020-04-20 01:42:43,71.29,-156.79,12.2,78,90,5.82,light snow,0.0,0.0
264,Kasongo-Lunda,CD,2020-04-20 01:42:43,-6.47,16.82,69.96,77,85,0.36,overcast clouds,0.0,0.0
265,Anadyr,RU,2020-04-20 01:42:44,64.75,177.48,19.4,79,20,4.47,few clouds,0.0,0.0
266,Barra Do Garcas,BR,2020-04-20 01:42:44,-15.89,-52.26,73.06,82,100,3.2,light rain,1.01,0.0
267,Guaiuba,BR,2020-04-20 01:42:44,-4.04,-38.64,82.99,74,20,3.36,few clouds,0.0,0.0
268,Fort-Shevchenko,KZ,2020-04-20 01:42:44,44.51,50.26,55.78,62,2,12.93,clear sky,0.0,0.0
269,Alibag,IN,2020-04-20 01:42:45,18.64,72.88,93.0,79,0,3.36,haze,0.0,0.0
270,Stornoway,GB,2020-04-20 01:42:45,58.21,-6.39,35.6,93,0,2.66,clear sky,0.0,0.0
271,Karasjok,NO,2020-04-20 01:42:45,69.47,25.51,42.8,70,69,47.2,broken clouds,0.0,0.0
272,Erzin,TR,2020-04-20 01:42:45,36.96,36.2,61.0,87,40,2.24,scattered clouds,0.0,0.0
273,Korla,CN,2020-04-20 01:42:46,41.76,86.15,63.23,22,85,2.28,overcast clouds,0.0,0.0
274,Beringovskiy,RU,2020-04-20 01:42:46,63.05,179.32,21.47,96,100,17.56,light snow,0.0,0.3
275,Rio Grande,BR,2020-04-20 01:42:46,-32.03,-52.1,64.0,91,0,13.24,clear sky,0.0,0.0
276,Itupiranga,BR,2020-04-20 01:42:46,-5.13,-49.33,78.8,100,86,0.25,light rain,0.51,0.0
277,Baykit,RU,2020-04-20 01:38:25,61.67,96.37,35.87,75,6,4.72,clear sky,0.0,0.0
278,Banda Aceh,ID,2020-04-20 01:38:22,5.56,95.32,85.77,71,23,7.27,few clouds,0.0,0.0
279,Shingu,JP,2020-04-20 01:42:47,33.73,135.98,64.4,93,75,2.24,shower rain,0.0,0.0
280,Puerto Quijarro,BO,2020-04-20 01:42:47,-17.78,-57.77,73.02,86,0,1.81,clear sky,0.0,0.0
281,Tiksi,RU,2020-04-20 01:42:47,71.69,128.87,18.86,92,100,6.04,overcast clouds,0.0,0.0
282,Ketchikan,US,2020-04-20 01:42:48,55.34,-131.65,48.2,81,90,16.11,overcast clouds,0.0,0.0
283,Leh,IN,2020-04-20 01:42:48,34.17,77.58,31.24,20,100,2.44,light snow,0.0,0.11
284,Lagoa,PT,2020-04-20 01:42:48,39.05,-27.98,56.79,60,0,13.04,clear sky,0.0,0.0
285,Nizhniy Chir,RU,2020-04-20 01:42:48,48.36,43.09,46.69,65,100,7.18,overcast clouds,0.0,0.0
286,Blagoveshchenka,RU,2020-04-20 01:42:48,52.83,79.87,58.69,36,2,3.96,clear sky,0.0,0.0
287,Kindia,GN,2020-04-20 01:42:49,10.06,-12.87,73.83,76,24,2.8,light rain,0.3,0.0
288,Moratuwa,LK,2020-04-20 01:42:49,6.77,79.88,77.0,100,12,2.24,few clouds,0.0,0.0
289,Talnakh,RU,2020-04-20 01:42:49,69.49,88.4,37.4,74,99,29.08,overcast clouds,0.0,0.0
290,Businga,CD,2020-04-20 01:42:49,3.33,20.88,72.12,80,91,2.62,overcast clouds,0.0,0.0
291,Dalvik,IS,2020-04-20 01:42:50,65.97,-18.53,44.6,70,20,26.4,few clouds,0.0,0.0
292,Matamoros,MX,2020-04-20 01:42:50,25.53,-103.25,93.2,7,75,11.41,broken clouds,0.0,0.0
293,Port Keats,AU,2020-04-20 01:42:50,-14.25,129.55,90.37,51,56,1.54,broken clouds,0.0,0.0
294,Brae,GB,2020-04-20 01:41:28,60.4,-1.35,44.6,75,0,13.87,clear sky,0.0,0.0
295,Severnyy,RU,2020-04-20 01:42:51,50.68,36.55,37.4,64,99,6.71,overcast clouds,0.0,0.0
296,Nelson Bay,AU,2020-04-20 01:42:51,-32.72,152.15,70.0,49,100,17.22,overcast clouds,0.0,0.0
297,Asau,RO,2020-04-20 01:42:51,46.43,26.4,46.4,75,90,12.75,overcast clouds,0.0,0.0
298,Marzuq,YE,2020-04-20 01:42:51,14.4,46.47,71.55,50,72,2.75,broken clouds,0.0,0.0
299,Saldanha,ZA,2020-04-20 01:42:51,-33.01,17.94,61.95,80,92,16.17,overcast clouds,0.0,0.0
300,Wuda,CN,2020-04-20 01:42:52,39.5,106.71,45.37,26,0,5.73,clear sky,0.0,0.0
301,Kiiu,EE,2020-04-20 01:42:52,59.45,25.38,43.0,86,57,5.82,broken clouds,0.0,0.0
302,Carberry,CA,2020-04-20 01:42:52,49.87,-99.36,50.0,39,90,31.09,overcast clouds,0.0,0.0
303,Kinkala,CG,2020-04-20 01:42:52,-4.36,14.76,69.19,84,72,0.25,light rain,0.11,0.0
304,San Patricio,MX,2020-04-20 01:42:53,19.22,-104.7,75.2,78,5,17.22,clear sky,0.0,0.0
305,Stokmarknes,NO,2020-04-20 01:42:24,68.56,14.91,42.01,89,100,5.01,light rain,0.27,0.0
306,Kishi,NG,2020-04-20 01:42:53,9.08,3.85,76.19,70,100,10.13,overcast clouds,0.0,0.0
307,Chokurdakh,RU,2020-04-20 01:42:53,70.63,147.92,9.68,95,92,11.48,overcast clouds,0.0,0.0
308,Labuhan,ID,2020-04-20 01:42:54,-6.88,112.21,88.03,65,43,2.51,scattered clouds,0.0,0.0
309,Nangong,CN,2020-04-20 01:42:54,37.36,115.37,66.72,22,4,8.88,clear sky,0.0,0.0
310,Khandbari,NP,2020-04-20 01:42:54,27.37,87.2,76.73,28,22,3.02,few clouds,0.0,0.0
311,Berlevag,NO,2020-04-20 01:42:54,70.86,29.09,38.43,78,92,25.57,light rain,0.26,0.0
312,Derzhavinsk,KZ,2020-04-20 01:42:54,51.1,66.32,58.1,52,92,13.33,overcast clouds,0.0,0.0
313,Kodiak,US,2020-04-20 01:42:55,57.79,-152.41,48.2,76,90,11.41,overcast clouds,0.0,0.0
314,Pallasovka,RU,2020-04-20 01:42:55,50.05,46.88,43.12,69,0,4.43,clear sky,0.0,0.0
315,Vostok,RU,2020-04-20 01:42:55,46.49,135.88,47.57,39,100,9.64,overcast clouds,0.0,0.0
316,Erenhot,CN,2020-04-20 01:42:56,43.65,111.98,31.55,44,0,24.45,clear sky,0.0,0.0
317,Coquimbo,CL,2020-04-20 01:41:33,-29.95,-71.34,59.0,93,90,2.24,overcast clouds,0.0,0.0
318,Whyalla,AU,2020-04-20 01:42:56,-33.03,137.58,69.8,60,40,10.29,scattered clouds,0.0,0.0
319,Ornskoldsvik,SE,2020-04-20 01:42:56,63.29,18.72,41.0,65,94,9.17,overcast clouds,0.0,0.0
320,Seredka,RU,2020-04-20 01:42:56,58.16,28.19,35.6,74,70,2.24,broken clouds,0.0,0.0
321,Nome,US,2020-04-20 01:42:57,64.5,-165.41,37.0,93,1,5.82,clear sky,0.0,0.0
322,Trairi,BR,2020-04-20 01:42:57,-3.28,-39.27,78.84,83,8,2.42,clear sky,0.0,0.0
323,Forssa,FI,2020-04-20 01:42:57,60.81,23.62,39.0,77,0,1.99,clear sky,0.0,0.0
324,Ugoofaaru,MV,2020-04-20 01:42:57,5.67,73.0,86.09,71,45,8.75,scattered clouds,0.0,0.0
325,Nieuw Amsterdam,SR,2020-04-20 01:42:58,5.88,-55.08,75.2,100,75,6.93,light intensity shower rain,0.0,0.0
326,Seymchan,RU,2020-04-20 01:42:58,62.88,152.43,14.54,85,100,11.36,overcast clouds,0.0,0.0
327,Tongliao,CN,2020-04-20 01:42:58,43.61,122.27,35.8,80,100,24.63,snow,0.0,2.05
328,Shenjiamen,CN,2020-04-20 01:42:58,29.96,122.3,58.41,74,10,5.14,clear sky,0.0,0.0
329,Waipawa,NZ,2020-04-20 01:42:59,-41.41,175.52,59.0,64,100,7.0,overcast clouds,0.0,0.0
330,Kindu,CD,2020-04-20 01:42:59,-2.95,25.95,69.48,84,96,0.78,overcast clouds,0.0,0.0
331,Kaili,ID,2020-04-20 01:42:59,-3.46,120.21,78.35,60,22,1.05,few clouds,0.0,0.0
332,Belmonte,BR,2020-04-20 01:43:00,-15.86,-38.88,77.0,73,90,5.82,overcast clouds,0.0,0.0
333,Port Augusta,AU,2020-04-20 01:43:00,-32.5,137.77,69.8,60,40,10.29,scattered clouds,0.0,0.0
334,Saint Anthony,US,2020-04-20 01:43:00,45.02,-93.22,46.99,31,1,8.05,clear sky,0.0,0.0
335,Olafsvik,IS,2020-04-20 01:43:00,64.89,-23.71,44.02,92,99,18.61,light rain,0.66,0.0
336,Monastyryshche,UA,2020-04-20 01:43:01,48.99,29.8,34.92,77,0,10.42,clear sky,0.0,0.0
337,Lisakovsk,KZ,2020-04-20 01:43:01,52.54,62.49,45.86,84,100,8.84,light rain,1.73,0.0
338,Penzance,GB,2020-04-20 01:42:22,50.12,-5.54,54.0,87,100,12.75,overcast clouds,0.0,0.0
339,Morehead,US,2020-04-20 01:43:01,37.27,-87.18,53.6,87,90,4.94,overcast clouds,0.0,0.0
340,Syamzha,RU,2020-04-20 01:43:02,60.02,41.06,28.51,97,49,2.62,scattered clouds,0.0,0.0
341,Polyarnyy,RU,2020-04-20 01:43:02,69.2,33.45,35.6,94,75,6.71,broken clouds,0.0,0.0
342,Bathsheba,BB,2020-04-20 01:43:02,13.22,-59.52,80.6,69,20,17.22,few clouds,0.0,0.0
343,Chuy,UY,2020-04-20 01:43:02,-33.7,-53.46,64.47,85,0,9.71,clear sky,0.0,0.0
344,Talcahuano,CL,2020-04-20 01:38:43,-36.72,-73.12,57.2,82,100,9.17,overcast clouds,0.0,0.0
345,Zlotow,PL,2020-04-20 01:43:03,53.36,17.04,35.01,75,0,5.84,clear sky,0.0,0.0
346,Sinnamary,GF,2020-04-20 01:38:07,5.38,-52.95,78.67,86,100,14.65,moderate rain,5.45,0.0
347,Dakar,SN,2020-04-20 01:41:45,14.69,-17.44,68.0,94,0,19.46,clear sky,0.0,0.0
348,San Isidro,PE,2020-04-20 01:43:04,-12.12,-77.05,69.8,77,30,10.29,scattered clouds,0.0,0.0
349,Egvekinot,RU,2020-04-20 01:43:04,66.32,-179.17,12.56,90,92,12.8,overcast clouds,0.0,0.0
350,Badou,TG,2020-04-20 01:43:04,7.58,0.6,74.75,79,96,1.52,overcast clouds,0.0,0.0
351,Bitung,ID,2020-04-20 01:43:04,1.45,125.18,87.8,66,20,3.36,few clouds,0.0,0.0
352,Beyneu,KZ,2020-04-20 01:43:05,45.32,55.2,63.81,48,100,6.17,light rain,0.13,0.0
353,Arica,CL,2020-04-20 01:43:05,-18.48,-70.3,66.2,72,34,2.24,scattered clouds,0.0,0.0
354,Shimoda,JP,2020-04-20 01:43:05,34.67,138.95,52.0,100,75,11.41,light intensity shower rain,0.0,0.0
355,Moerai,PF,2020-04-20 01:43:06,-22.43,-151.33,78.51,77,8,18.57,clear sky,0.0,0.0
356,Abaza,RU,2020-04-20 01:43:06,52.66,90.09,55.94,33,0,0.58,clear sky,0.0,0.0
357,Junnar,IN,2020-04-20 01:43:06,19.2,73.88,88.56,19,0,5.14,clear sky,0.0,0.0
358,Nhulunbuy,AU,2020-04-20 01:43:06,-12.23,136.77,89.6,55,20,11.41,few clouds,0.0,0.0
359,Ancud,CL,2020-04-20 01:43:07,-41.87,-73.82,44.6,93,20,5.79,few clouds,0.0,0.0
360,Kalengwa,ZM,2020-04-20 01:43:07,-13.47,25.0,57.7,68,4,3.89,clear sky,0.0,0.0
361,Acarau,BR,2020-04-20 01:43:07,-2.89,-40.12,76.5,88,33,1.7,scattered clouds,0.0,0.0
362,San Policarpo,PH,2020-04-20 01:43:07,12.18,125.51,83.21,83,59,13.0,light rain,2.28,0.0
363,Oktyabrskoye,RU,2020-04-20 01:43:08,43.06,44.74,37.4,86,3,4.47,clear sky,0.0,0.0
364,Capao Da Canoa,BR,2020-04-20 01:40:47,-29.75,-50.01,65.86,84,1,12.35,clear sky,0.0,0.0
365,Onega,RU,2020-04-20 01:43:08,63.91,38.14,31.86,97,99,4.43,overcast clouds,0.0,0.0
366,Uttaradit,TH,2020-04-20 01:43:08,17.67,100.5,94.15,35,0,5.84,clear sky,0.0,0.0
367,Gorontalo,ID,2020-04-20 01:42:54,0.54,123.06,86.0,68,31,2.93,light rain,1.74,0.0
368,Payo,ID,2020-04-20 01:43:09,-3.75,103.64,88.54,60,26,2.37,scattered clouds,0.0,0.0
369,Pangnirtung,CA,2020-04-20 01:43:09,66.15,-65.71,-0.81,79,18,6.02,few clouds,0.0,0.0
370,Tabou,CI,2020-04-20 01:43:09,4.42,-7.35,79.88,86,100,4.79,light rain,0.82,0.0
371,Mwinilunga,ZM,2020-04-20 01:43:09,-11.74,24.43,57.7,64,17,4.97,few clouds,0.0,0.0
372,Hit,IQ,2020-04-20 01:43:10,33.64,42.83,71.91,36,2,4.81,clear sky,0.0,0.0
373,Cabo San Lucas,MX,2020-04-20 01:43:10,22.89,-109.91,73.99,49,5,5.82,clear sky,0.0,0.0
374,Urucara,BR,2020-04-20 01:43:10,-2.54,-57.76,72.5,97,100,1.1,overcast clouds,0.0,0.0
375,Batsfjord,NO,2020-04-20 01:43:10,70.63,29.72,37.69,79,98,25.66,light rain,0.8,0.0
376,Rameshki,RU,2020-04-20 01:43:11,57.34,36.05,30.07,96,14,5.06,few clouds,0.0,0.0
377,Usevya,TZ,2020-04-20 01:43:11,-7.1,31.23,64.56,70,50,1.9,light rain,0.24,0.0
378,Plyussa,RU,2020-04-20 01:43:11,58.43,29.37,32.7,93,71,4.52,broken clouds,0.0,0.0
379,Mandapeta,IN,2020-04-20 01:39:08,16.87,81.93,86.81,66,26,5.77,scattered clouds,0.0,0.0
380,Balkanabat,TM,2020-04-20 01:43:12,39.51,54.37,69.19,43,0,1.3,clear sky,0.0,0.0
381,Constantine,DZ,2020-04-20 01:43:12,36.37,6.61,60.8,77,75,8.05,broken clouds,0.0,0.0
382,Lucea,JM,2020-04-20 01:43:12,18.45,-78.17,80.6,78,20,3.36,few clouds,0.0,0.0
383,Kiunga,PG,2020-04-20 01:43:13,-6.12,141.29,89.67,63,63,2.84,light rain,1.49,0.0
384,Codrington,AU,2020-04-20 01:43:13,-38.27,141.97,61.39,54,19,21.23,few clouds,0.0,0.0
385,Maldonado,UY,2020-04-20 01:43:14,-34.67,-54.92,66.0,88,0,5.82,clear sky,0.0,0.0
386,Ostrovnoy,RU,2020-04-20 01:43:14,68.05,39.51,24.48,97,46,6.55,scattered clouds,0.0,0.0
387,Wasilla,US,2020-04-20 01:43:14,61.58,-149.44,50.0,66,90,5.82,overcast clouds,0.0,0.0
388,Zdvinsk,RU,2020-04-20 01:43:14,54.7,78.66,53.91,56,3,2.15,clear sky,0.0,0.0
389,Coahuayana,MX,2020-04-20 01:43:15,18.73,-103.68,73.35,82,0,3.44,clear sky,0.0,0.0
390,Homestead,US,2020-04-20 01:43:15,25.47,-80.48,81.0,83,1,6.51,clear sky,0.0,0.0
391,Soyo,AO,2020-04-20 01:43:15,-6.13,12.37,78.85,82,88,2.35,overcast clouds,0.0,0.0
392,Pandan,PH,2020-04-20 01:43:15,14.05,124.17,83.01,73,99,4.47,overcast clouds,0.0,0.0
393,Praya,CV,2020-04-20 01:43:15,14.92,-23.51,69.8,68,40,18.34,scattered clouds,0.0,0.0
394,Oriximina,BR,2020-04-20 01:43:16,-1.77,-55.87,74.26,93,100,0.31,overcast clouds,0.0,0.0
395,Mahon,ES,2020-04-20 01:43:16,39.89,4.27,60.8,100,100,9.17,light rain,0.0,0.0
396,De Haan,BE,2020-04-20 01:43:16,51.27,3.04,50.0,53,0,13.87,clear sky,0.0,0.0
397,Reinosa,ES,2020-04-20 01:43:16,43.0,-4.14,57.2,82,75,5.82,broken clouds,0.0,0.0
398,Lorengau,PG,2020-04-20 01:43:17,-2.02,147.27,84.49,74,33,6.35,light rain,0.66,0.0
399,Cedar City,US,2020-04-20 01:43:17,37.68,-113.06,59.0,47,90,13.87,overcast clouds,0.0,0.0
400,Warrington,GB,2020-04-20 01:43:17,53.39,-2.58,44.01,75,0,8.05,clear sky,0.0,0.0
401,Udachnyy,RU,2020-04-20 01:43:17,66.42,112.4,26.6,35,30,4.47,scattered clouds,0.0,0.0
402,Interlaken,US,2020-04-20 01:43:18,36.95,-121.73,60.01,67,1,11.41,clear sky,0.0,0.0
403,Katobu,ID,2020-04-20 01:43:18,-4.94,122.53,89.13,52,27,2.86,scattered clouds,0.0,0.0
404,Zhuanghe,CN,2020-04-20 01:43:18,39.7,122.99,53.01,46,5,8.99,clear sky,0.0,0.0
405,Chicama,PE,2020-04-20 01:43:18,-7.84,-79.15,73.51,70,7,6.55,clear sky,0.0,0.0
406,Gubkinskiy,RU,2020-04-20 01:43:18,64.43,76.5,37.0,84,22,12.88,few clouds,0.0,0.0
407,Benjamin Hill,MX,2020-04-20 01:43:19,30.17,-111.1,75.99,24,31,3.0,scattered clouds,0.0,0.0
408,Fairbanks,US,2020-04-20 01:40:02,64.84,-147.72,48.0,81,90,3.36,light rain,0.0,0.0
409,Quatre Cocos,MU,2020-04-20 01:43:19,-20.21,57.76,77.0,83,75,12.75,broken clouds,0.0,0.0
410,Sovetskiy,RU,2020-04-20 01:43:20,61.36,63.58,37.85,76,17,5.91,few clouds,0.0,0.0
411,Imbituba,BR,2020-04-20 01:43:20,-28.24,-48.67,64.4,93,2,2.24,clear sky,0.0,0.0
412,Mto Wa Mbu,TZ,2020-04-20 01:43:20,-3.35,35.85,66.85,63,100,2.57,light rain,0.23,0.0
413,Rocha,UY,2020-04-20 01:43:21,-34.48,-54.33,59.86,83,0,6.62,clear sky,0.0,0.0
414,Walvis Bay,NA,2020-04-20 01:43:21,-22.96,14.51,59.0,87,91,9.17,overcast clouds,0.0,0.0
415,Srednekolymsk,RU,2020-04-20 01:43:21,67.45,153.68,16.23,94,100,11.86,light snow,0.0,0.18
416,Nikolskoye,RU,2020-04-20 01:43:22,59.7,30.79,37.0,94,37,4.47,scattered clouds,0.0,0.0
417,Esso,RU,2020-04-20 01:43:22,55.93,158.7,20.43,82,98,11.16,light snow,0.0,0.12
418,Port Blair,IN,2020-04-20 01:43:14,11.67,92.75,84.47,76,46,9.1,light rain,0.68,0.0
419,Sant Cugat Del Valles,ES,2020-04-20 01:43:22,41.47,2.08,61.0,93,90,3.36,light rain,0.76,0.0
420,Koslan,RU,2020-04-20 01:43:23,63.46,48.9,33.71,91,99,4.27,overcast clouds,0.0,0.0
421,Notre-Dame-Du-Lac,CA,2020-04-20 01:43:23,47.61,-68.8,39.99,91,99,4.92,light rain,0.41,0.0
422,Krasnoselkup,RU,2020-04-20 01:43:23,65.7,82.47,36.61,97,100,13.69,light rain,2.15,0.0
423,Vao,NC,2020-04-20 01:43:23,-22.67,167.48,73.98,91,100,14.85,heavy intensity rain,13.27,0.0
424,Inhambane,MZ,2020-04-20 01:38:29,-23.86,35.38,72.72,84,9,9.95,light rain,2.48,0.0
425,Perdoes,BR,2020-04-20 01:43:24,-21.09,-45.09,59.65,73,72,5.53,broken clouds,0.0,0.0
426,Tiznit,MA,2020-04-20 01:43:24,29.58,-9.5,54.28,71,75,5.73,broken clouds,0.0,0.0
427,Iglino,RU,2020-04-20 01:43:24,54.83,56.41,41.0,93,90,4.47,light intensity shower rain,0.0,0.0
428,Bilibino,RU,2020-04-20 01:43:25,68.05,166.44,11.16,84,14,4.5,few clouds,0.0,0.0
429,Sahibganj,IN,2020-04-20 01:43:25,25.25,87.65,90.07,44,36,7.27,scattered clouds,0.0,0.0
430,Karratha,AU,2020-04-20 01:43:25,-20.74,116.85,87.69,51,95,9.84,overcast clouds,0.0,0.0
431,Floro,NO,2020-04-20 01:39:01,61.6,5.03,39.99,86,0,5.82,clear sky,0.0,0.0
432,Saint-Ambroise,CA,2020-04-20 01:43:26,48.55,-71.33,34.0,78,100,5.99,overcast clouds,0.0,0.0
433,Aykhal,RU,2020-04-20 01:43:26,66.0,111.5,26.6,35,7,4.47,clear sky,0.0,0.0
434,Cobija,BO,2020-04-20 01:43:26,-11.03,-68.77,69.8,66,0,2.44,clear sky,0.0,0.0
435,Bambous Virieux,MU,2020-04-20 01:40:13,-20.34,57.76,77.0,83,75,12.75,broken clouds,0.0,0.0
436,Kutum,SD,2020-04-20 01:43:27,14.2,24.67,61.48,19,100,4.03,overcast clouds,0.0,0.0
437,Bryan,US,2020-04-20 01:38:46,30.67,-96.37,80.6,28,1,4.7,clear sky,0.0,0.0
438,Greece,US,2020-04-20 01:42:42,43.21,-77.69,43.0,70,90,10.29,overcast clouds,0.0,0.0
439,Sorland,NO,2020-04-20 01:43:27,67.67,12.69,41.11,97,100,15.23,light rain,0.53,0.0
440,Skibbereen,IE,2020-04-20 01:43:27,51.55,-9.27,46.4,87,29,9.17,scattered clouds,0.0,0.0
441,Dariba,IN,2020-04-20 01:43:28,24.95,74.13,84.52,26,99,3.04,overcast clouds,0.0,0.0
442,Ronne,DK,2020-04-20 01:43:28,55.1,14.71,33.8,80,4,3.36,clear sky,0.0,0.0
443,Mehamn,NO,2020-04-20 01:43:28,71.04,27.85,37.33,79,86,23.87,overcast clouds,0.0,0.0
444,Alexandria,EG,2020-04-20 01:42:47,31.22,29.96,60.06,77,0,4.63,clear sky,0.0,0.0
445,Okhotsk,RU,2020-04-20 01:43:29,59.38,143.3,20.82,82,13,9.82,few clouds,0.0,0.0
446,Cocobeach,GA,2020-04-20 01:43:29,1.0,9.58,84.2,83,40,11.41,thunderstorm,0.0,0.0
447,Kalmunai,LK,2020-04-20 01:43:29,7.42,81.82,85.73,71,28,7.11,light rain,0.5,0.0
448,Carbonia,IT,2020-04-20 01:43:29,39.17,8.52,64.0,82,75,3.36,broken clouds,0.0,0.0
449,Asyut,EG,2020-04-20 01:40:11,27.18,31.18,63.25,47,0,13.67,clear sky,0.0,0.0
450,Maragogi,BR,2020-04-20 01:41:48,-9.01,-35.22,78.94,83,25,7.29,light rain,2.32,0.0
451,Sola,VU,2020-04-20 01:43:30,-13.88,167.55,87.8,79,40,5.82,scattered clouds,0.0,0.0
452,Jinan,CN,2020-04-20 01:43:30,36.67,117.0,64.0,32,0,14.65,clear sky,0.0,0.0
453,Lethem,GY,2020-04-20 01:43:30,3.38,-59.8,80.24,70,92,8.59,light rain,1.35,0.0
454,Marawi,PH,2020-04-20 01:43:31,8.0,124.29,82.49,56,97,2.48,light rain,0.81,0.0
455,Baruun-Urt,MN,2020-04-20 01:43:31,46.68,113.28,26.13,64,92,15.68,light snow,0.0,0.39
456,Sabha,LY,2020-04-20 01:43:31,27.04,14.43,77.22,16,100,18.12,overcast clouds,0.0,0.0
457,Tamala,RU,2020-04-20 01:43:31,52.54,43.25,36.28,78,85,3.36,overcast clouds,0.0,0.0
458,Dekar,BW,2020-04-20 01:43:32,-21.53,21.93,64.09,35,0,8.57,clear sky,0.0,0.0
459,Santa Luzia,BR,2020-04-20 01:40:47,-19.77,-43.85,64.4,82,71,9.17,broken clouds,0.0,0.0
460,Saint-Pierre,RE,2020-04-20 01:40:49,-21.34,55.48,73.4,78,20,12.75,few clouds,0.0,0.0
461,Ponta Delgada,PT,2020-04-20 01:43:32,37.73,-25.67,55.4,71,20,6.93,few clouds,0.0,0.0
462,Maneadero,MX,2020-04-20 01:43:32,31.72,-116.57,62.01,78,100,4.0,overcast clouds,0.0,0.0
463,Kobelyaky,UA,2020-04-20 01:43:33,49.15,34.2,37.42,78,51,11.21,broken clouds,0.0,0.0
464,Faya,SA,2020-04-20 01:43:33,18.39,42.45,66.2,59,98,4.07,light rain,0.97,0.0
465,Saint-Philippe,RE,2020-04-20 01:43:33,-21.36,55.77,73.4,78,75,11.41,broken clouds,0.0,0.0
466,Jadu,LY,2020-04-20 01:43:33,31.95,12.03,66.49,42,46,14.12,scattered clouds,0.0,0.0
467,Santa Cruz,BO,2020-04-20 01:43:24,-17.8,-63.17,73.4,78,0,4.7,clear sky,0.0,0.0
468,Tuensang,IN,2020-04-20 01:43:34,26.28,94.83,78.24,36,12,3.15,few clouds,0.0,0.0
469,Fort Nelson,CA,2020-04-20 01:43:34,58.81,-122.7,62.6,76,75,8.05,broken clouds,0.0,0.0
470,Kaihua,CN,2020-04-20 01:41:21,23.37,104.28,77.81,34,24,12.59,few clouds,0.0,0.0
471,Abu Dhabi,AE,2020-04-20 01:39:34,24.47,54.37,82.4,39,96,5.82,overcast clouds,0.0,0.0
472,College,US,2020-04-20 01:43:35,64.86,-147.8,48.0,75,90,6.08,light rain,0.0,0.0
473,Fomboni,KM,2020-04-20 01:43:35,-12.28,43.74,82.62,74,32,12.84,light rain,0.34,0.0
474,Alegrete,BR,2020-04-20 01:43:35,-29.78,-55.79,63.7,60,0,6.26,clear sky,0.0,0.0
475,Zeya,RU,2020-04-20 01:43:35,53.75,127.27,27.37,84,100,15.9,overcast clouds,0.0,0.0
476,Surt,LY,2020-04-20 01:43:36,31.21,16.59,70.03,33,100,19.44,overcast clouds,0.0,0.0
477,Catamarca,AR,2020-04-20 01:43:36,-28.47,-65.79,57.99,86,0,1.99,clear sky,0.0,0.0
478,Port Hardy,CA,2020-04-20 01:41:04,50.7,-127.42,53.6,71,20,10.29,few clouds,0.0,0.0
479,Sitka,US,2020-04-20 01:43:36,57.05,-135.33,51.8,81,90,6.93,overcast clouds,0.0,0.0
480,Togul,RU,2020-04-20 01:43:36,53.47,85.91,52.86,60,86,3.02,overcast clouds,0.0,0.0
481,Grand Gaube,MU,2020-04-20 01:43:37,-20.01,57.66,77.0,83,75,12.75,broken clouds,0.0,0.0
482,Ondjiva,AO,2020-04-20 01:43:37,-17.07,15.73,66.25,61,83,5.23,light rain,0.15,0.0
483,Mecca,SA,2020-04-20 01:43:38,21.43,39.83,72.68,77,79,1.21,light rain,1.11,0.0
484,Yucca Valley,US,2020-04-20 01:43:38,34.11,-116.43,64.0,39,10,5.99,clear sky,0.0,0.0
485,Itarema,BR,2020-04-20 01:43:38,-2.92,-39.92,77.07,87,21,1.95,few clouds,0.0,0.0
486,Namibe,AO,2020-04-20 01:43:38,-15.2,12.15,74.39,73,74,1.28,light rain,1.97,0.0
487,Verkhnyaya Inta,RU,2020-04-20 01:43:39,65.98,60.31,34.02,94,100,8.34,light snow,0.0,0.27
488,Pringsewu,ID,2020-04-20 01:43:39,-5.36,104.97,86.2,67,47,4.21,scattered clouds,0.0,0.0
489,Rio Gallegos,AR,2020-04-20 01:43:39,-51.62,-69.22,42.8,60,63,21.92,broken clouds,0.0,0.0
490,Grand Forks,US,2020-04-20 01:40:01,47.93,-97.03,50.0,39,75,8.05,broken clouds,0.0,0.0
491,Palmer,US,2020-04-20 01:43:40,42.16,-72.33,51.8,57,40,11.41,scattered clouds,0.0,0.0
492,Lafia,NG,2020-04-20 01:43:40,8.48,8.52,76.32,78,94,2.59,overcast clouds,0.0,0.0
493,Fengzhen,CN,2020-04-20 01:43:40,40.44,113.15,40.39,28,0,27.87,clear sky,0.0,0.0
494,Tucuman,AR,2020-04-20 01:43:40,-26.82,-65.22,69.8,77,0,5.82,clear sky,0.0,0.0
495,Bodden Town,KY,2020-04-20 01:43:40,19.28,-81.25,82.4,83,20,3.36,few clouds,0.0,0.0
496,Wahiawa,US,2020-04-20 01:43:41,21.5,-158.02,80.01,69,75,6.93,broken clouds,0.0,0.0
497,Sabang,ID,2020-04-20 01:43:41,5.89,95.32,84.6,76,6,10.96,light rain,0.15,0.0
498,Seddon,AU,2020-04-20 01:43:41,-37.81,144.89,62.6,59,90,16.11,light rain,0.25,0.0
499,Viedma,AR,2020-04-20 01:43:42,-40.81,-63.0,60.71,53,93,11.23,overcast clouds,0.0,0.0
500,Trelew,AR,2020-04-20 01:43:42,-43.25,-65.31,59.47,36,39,24.23,scattered clouds,0.0,0.0
501,Upington,ZA,2020-04-20 01:43:42,-28.45,21.26,74.82,30,81,6.55,broken clouds,0.0,0.0
502,Ngunguru,NZ,2020-04-20 01:43:43,-35.62,174.5,62.01,98,100,4.0,moderate rain,4.99,0.0
503,Mirpur Mathelo,PK,2020-04-20 01:43:43,28.02,69.55,84.43,30,63,9.28,light rain,0.31,0.0
504,Gaogou,CN,2020-04-20 01:43:43,34.02,119.19,65.28,42,30,13.0,scattered clouds,0.0,0.0
505,Hambantota,LK,2020-04-20 01:43:43,6.12,81.12,77.0,100,20,3.36,few clouds,0.0,0.0
506,Quesnel,CA,2020-04-20 01:43:43,53.0,-122.5,68.0,60,1,4.7,clear sky,0.0,0.0
507,Dubai,AE,2020-04-20 01:38:45,25.26,55.3,84.2,39,86,9.17,overcast clouds,0.0,0.0
508,Emerald,AU,2020-04-20 01:43:00,-23.53,148.17,82.99,30,14,6.93,few clouds,0.0,0.0
509,Winona,US,2020-04-20 01:41:06,43.97,-91.77,46.4,36,1,5.82,clear sky,0.0,0.0
510,Rapid Valley,US,2020-04-20 01:43:44,44.06,-103.15,46.4,70,1,17.22,clear sky,0.0,0.0
511,Mae Hong Son,TH,2020-04-20 01:43:45,19.3,97.97,82.4,58,0,3.36,haze,0.0,0.0
512,Jalu,LY,2020-04-20 01:43:45,29.03,21.55,69.19,26,66,8.86,broken clouds,0.0,0.0
513,Nantucket,US,2020-04-20 01:42:26,41.28,-70.1,46.99,75,1,21.92,clear sky,0.0,0.0
514,Saint-Joseph,RE,2020-04-20 01:43:45,-21.37,55.62,73.4,78,75,11.41,broken clouds,0.0,0.0
515,Avera,US,2020-04-20 01:43:45,33.19,-82.53,57.2,95,90,5.82,thunderstorm with rain,0.0,0.0
516,Privolzhskiy,RU,2020-04-20 01:43:46,51.4,46.03,43.0,68,50,3.29,scattered clouds,0.0,0.0
517,Dorado,PR,2020-04-20 01:43:46,18.46,-66.27,75.99,82,1,1.99,clear sky,0.0,0.0
518,Ihosy,MG,2020-04-20 01:38:55,-22.4,46.12,62.04,71,21,12.17,few clouds,0.0,0.0
519,Roebourne,AU,2020-04-20 01:43:46,-20.78,117.13,89.76,44,89,9.84,overcast clouds,0.0,0.0
520,Hamilton,US,2020-04-20 01:42:25,39.18,-84.53,52.0,81,1,3.83,clear sky,0.0,0.0
521,Lat Yao,TH,2020-04-20 01:43:47,15.75,99.79,95.2,38,4,4.36,clear sky,0.0,0.0
522,Broome,US,2020-04-20 01:41:57,42.25,-75.83,46.4,70,90,11.41,overcast clouds,0.0,0.0
523,Kinshasa,CD,2020-04-20 01:43:47,-4.32,15.32,77.0,83,40,0.49,scattered clouds,0.0,0.0
524,Edd,ER,2020-04-20 01:43:48,13.93,41.69,84.97,66,96,9.89,overcast clouds,0.0,0.0
525,Itatskiy,RU,2020-04-20 01:43:48,56.07,89.04,45.34,51,99,10.0,overcast clouds,0.0,0.0
526,Flin Flon,CA,2020-04-20 01:43:48,54.77,-101.86,25.75,94,68,8.7,light snow,0.0,0.16
527,Vanimo,PG,2020-04-20 01:43:48,-2.67,141.3,81.81,82,100,9.69,moderate rain,6.63,0.0
528,Griffith,US,2020-04-20 01:43:49,41.53,-87.42,44.01,61,1,5.82,clear sky,0.0,0.0
529,Krasnik,PL,2020-04-20 01:43:49,50.92,22.23,39.99,84,0,4.7,clear sky,0.0,0.0
530,Huarmey,PE,2020-04-20 01:43:49,-10.07,-78.15,72.12,75,3,7.45,clear sky,0.0,0.0
531,San Cristobal,VE,2020-04-20 01:38:53,7.77,-72.22,67.6,63,98,1.95,light rain,0.7,0.0
532,Moen,NO,2020-04-20 01:43:50,69.13,18.61,41.0,75,100,32.21,light intensity drizzle,0.0,0.0
533,Vershino-Shakhtaminskiy,RU,2020-04-20 01:43:50,51.3,117.89,21.51,63,100,17.18,overcast clouds,0.0,0.0
534,Turayf,SA,2020-04-20 01:43:50,31.67,38.66,57.2,54,0,6.93,clear sky,0.0,0.0
535,Alofi,NU,2020-04-20 01:39:43,-19.06,-169.92,84.2,74,2,14.99,light rain,0.35,0.0
536,Riyadh,SA,2020-04-20 01:41:30,24.69,46.72,73.4,53,100,2.24,light rain,1.56,0.0
537,Luau,AO,2020-04-20 01:43:51,-10.71,22.22,61.65,71,41,3.69,scattered clouds,0.0,0.0
538,Chirongui,YT,2020-04-20 01:43:51,-12.93,45.15,82.4,78,75,11.41,broken clouds,0.0,0.0
539,Turan,VN,2020-04-20 01:43:51,16.07,108.22,84.2,70,20,3.36,few clouds,0.0,0.0
540,Progreso,MX,2020-04-20 01:43:51,21.28,-89.67,91.4,49,5,6.93,clear sky,0.0,0.0
541,Den Helder,NL,2020-04-20 01:41:08,52.96,4.76,46.99,65,0,18.34,clear sky,0.0,0.0
542,Mount Isa,AU,2020-04-20 01:42:44,-20.73,139.5,87.8,12,81,9.17,broken clouds,0.0,0.0
543,Batagay-Alyta,RU,2020-04-20 01:43:52,67.8,130.41,25.43,87,34,4.7,scattered clouds,0.0,0.0
544,Mayor Pablo Lagerenza,PY,2020-04-20 01:43:52,-19.93,-60.77,71.92,58,0,4.03,clear sky,0.0,0.0
545,Sidi Ali,DZ,2020-04-20 01:43:53,36.1,0.42,57.96,82,54,26.64,light rain,0.48,0.0
546,Beba,CU,2020-04-20 01:43:53,22.44,-79.73,82.4,65,40,5.82,scattered clouds,0.0,0.0
547,Naila,DE,2020-04-20 01:43:53,50.32,11.7,37.99,61,0,10.0,clear sky,0.0,0.0
548,Mwandiga,TZ,2020-04-20 01:43:53,-4.83,29.66,71.6,94,40,3.49,scattered clouds,0.0,0.0
549,Chifeng,CN,2020-04-20 01:43:54,42.27,118.96,42.53,38,0,29.37,clear sky,0.0,0.0
550,Milkovo,RU,2020-04-20 01:43:54,54.72,158.62,29.62,77,100,6.31,overcast clouds,0.0,0.0
551,Dawei,MM,2020-04-20 01:43:54,14.08,98.2,89.01,49,0,2.51,clear sky,0.0,0.0
552,Vangaindrano,MG,2020-04-20 01:43:54,-23.35,47.6,69.78,91,15,4.54,light rain,2.99,0.0
553,Minden,DE,2020-04-20 01:42:22,52.28,8.92,42.8,52,0,4.7,clear sky,0.0,0.0
554,Aleksandrovskiy Zavod,RU,2020-04-20 01:43:55,50.92,117.94,23.65,65,100,19.82,overcast clouds,0.0,0.0
555,Kralendijk,BQ,2020-04-20 01:42:15,12.15,-68.27,80.6,78,34,18.34,scattered clouds,0.0,0.0
556,Yazykovo,RU,2020-04-20 01:43:55,55.22,56.14,38.8,87,100,6.11,light rain,1.09,0.0
557,Medea,DZ,2020-04-20 01:43:55,36.26,2.75,60.8,100,75,11.41,light rain,0.0,0.0
558,Itaituba,BR,2020-04-20 01:43:56,-4.28,-55.98,72.07,96,99,0.87,overcast clouds,0.0,0.0
559,Linqiong,CN,2020-04-20 01:43:56,30.42,103.46,66.0,88,100,2.24,overcast clouds,0.0,0.0
560,Sungaipenuh,ID,2020-04-20 01:43:56,-2.08,101.38,78.44,52,51,1.95,broken clouds,0.0,0.0
561,Salina Cruz,MX,2020-04-20 01:43:56,16.17,-95.2,82.15,77,4,9.33,clear sky,0.0,0.0
562,Karasburg,NA,2020-04-20 01:43:57,-28.02,18.75,65.17,25,1,1.77,clear sky,0.0,0.0
563,Yulara,AU,2020-04-20 01:43:57,-25.24,130.99,86.0,28,24,13.87,few clouds,0.0,0.0
564,Muzhi,RU,2020-04-20 01:43:57,65.37,64.67,34.23,98,98,5.37,overcast clouds,0.0,0.0
565,Juegang,CN,2020-04-20 01:43:57,32.32,121.19,66.99,69,12,1.01,few clouds,0.0,0.0
566,Kurchum,KZ,2020-04-20 01:43:57,48.57,83.65,53.08,37,0,6.42,clear sky,0.0,0.0
567,Vila,PT,2020-04-20 01:43:58,42.03,-8.16,50.0,93,40,4.7,scattered clouds,0.0,0.0
568,Kununurra,AU,2020-04-20 01:43:58,-15.77,128.73,91.4,55,10,4.7,clear sky,0.0,0.0
569,Vega De Alatorre,MX,2020-04-20 01:43:58,20.03,-96.63,84.65,69,91,13.31,overcast clouds,0.0,0.0
570,Palana,RU,2020-04-20 01:43:58,59.12,159.97,15.76,93,100,10.67,light snow,0.0,0.32
571,Biloela,AU,2020-04-20 01:43:59,-24.42,150.5,84.27,36,0,5.37,clear sky,0.0,0.0
572,Camocim,BR,2020-04-20 01:43:59,-2.9,-40.84,76.15,90,54,2.37,broken clouds,0.0,0.0
573,San Matias,BO,2020-04-20 01:43:59,-16.37,-58.4,73.89,86,44,2.48,light rain,1.08,0.0
574,Kulhudhuffushi,MV,2020-04-20 01:44:00,6.62,73.07,86.56,68,28,8.99,scattered clouds,0.0,0.0
575,Okha,RU,2020-04-20 01:44:00,53.57,142.95,31.06,99,100,13.58,light snow,0.0,0.24
576,Khovu-Aksy,RU,2020-04-20 01:44:00,51.13,93.6,48.34,27,0,2.21,clear sky,0.0,0.0
577,Hobyo,SO,2020-04-20 01:44:00,5.35,48.53,84.11,74,100,7.49,overcast clouds,0.0,0.0
578,Novonukutskiy,RU,2020-04-20 01:44:01,53.7,102.71,34.57,55,0,5.97,clear sky,0.0,0.0
579,Tahoua,NE,2020-04-20 01:44:01,14.89,5.27,78.64,14,1,2.71,clear sky,0.0,0.0
580,Uyuni,BO,2020-04-20 01:40:09,-20.46,-66.83,48.04,14,0,3.47,clear sky,0.0,0.0
581,Mayo,US,2020-04-20 01:39:05,38.89,-76.51,55.4,76,1,6.93,clear sky,0.0,0.0
582,Tinos,GR,2020-04-20 01:44:02,37.54,25.16,60.01,93,33,4.7,light rain,0.0,0.0
583,Komsomolskiy,UZ,2020-04-20 01:44:02,40.43,71.72,55.4,62,4,9.17,clear sky,0.0,0.0
